"kimberly78","Colleen Mcfarland","susancampbell@hotmail.com",100
"santiagodebbie","Joseph Olson","chelseafinley@gmail.com",101
"james98","Angela Jones","juanclarke@yahoo.com",102
"garrett19","Megan Wong","gallegossara@gmail.com",103
"derrickfranklin","Lori Briggs","amandawood@gmail.com",104
"tina35","Jessica White","fwilliams@yahoo.com",105
"pwolfe","Samantha Santiago","lhayes@yahoo.com",106
"wsmith","Steve Hess","gregory53@gmail.com",107
"bennettgreg","Robert Johnston","beckseth@yahoo.com",108
"luis52","Eric Cook II","bhernandez@gmail.com",109
"amandajensen","Mrs. Tracy Johnson","tnovak@gmail.com",110
"devon25","Shawn Smith","jtanner@hotmail.com",111
"douglas38","Kelly Bradley","thomasjamie@gmail.com",112
"jonathan57","Lynn Wong","jilliangarcia@yahoo.com",113
"anna52","Catherine Williams","qrichard@yahoo.com",114
"ppham","Stephanie Perez","joseph20@gmail.com",115
"andrewsanchez","Nancy Oconnor","soniaharmon@hotmail.com",116
"kelly81","Andrea Ford","gabrielrose@gmail.com",117
"jimmyhurst","Sarah Murphy","kevinbrown@gmail.com",118